for_group_code,for_group_label,openalex_subfield_id,openalex_subfield_label,is_primary,share,n_rows
3001,Agricultural biotechnology,1110,Plant Science,True,0.167,30
3002,"Agriculture, land and farm management",2308,"Management, Monitoring, Policy and Law",True,0.167,30
3003,Animal production,2308,"Management, Monitoring, Policy and Law",True,0.1,30
3004,Crop and pasture production,1710,Information Systems,True,0.133,30
3005,Fisheries sciences,1311,Genetics,True,0.1,30
3006,Food sciences,1106,Food Science,True,0.233,30
3007,Forestry sciences,2306,Global and Planetary Change,True,0.133,30
3008,Horticultural production,2208,Electrical and Electronic Engineering,True,0.1,30
3009,Veterinary sciences,3404,Small Animals,True,0.133,30
3099,"Other agricultural, veterinary and food sciences",1106,Food Science,True,0.233,30
3101,Biochemistry and cell biology,1312,Molecular Biology,True,0.2,30
3102,Bioinformatics and computational biology,2613,Statistics and Probability,True,0.2,30
3103,Ecology,2303,Ecology,True,0.267,30
3104,Evolutionary biology,1105,"Ecology, Evolution, Behavior and Systematics",True,0.333,30
3105,Genetics,1312,Molecular Biology,True,0.333,30
3106,Industrial biotechnology,1312,Molecular Biology,True,0.2,30
3107,Microbiology,2303,Ecology,True,0.267,30
3108,Plant biology,1312,Molecular Biology,True,0.2,30
3109,Zoology,2303,Ecology,True,0.133,30
3199,Other biological sciences,1312,Molecular Biology,True,0.1,30
3201,Cardiovascular medicine and haematology,2746,Surgery,True,0.1,30
3202,Clinical sciences,2739,"Public Health, Environmental and Occupational Health",True,0.1,30
3203,Dentistry,2505,Materials Chemistry,True,0.167,30
3204,Immunology,1311,Genetics,True,0.1,30
3205,Medical biochemistry and metabolomics,1312,Molecular Biology,True,0.267,30
3206,Medical biotechnology,1312,Molecular Biology,True,0.167,30
3207,Medical microbiology,2739,"Public Health, Environmental and Occupational Health",True,0.133,30
3208,Medical physiology,2403,Immunology,True,0.167,30
3209,Neurosciences,2610,Mathematical Physics,True,0.067,30
3210,Nutrition and dietetics,2916,Nutrition and Dietetics,True,0.2,30
3211,Oncology and carcinogenesis,2730,Oncology,True,0.233,30
3212,Ophthalmology and optometry,2208,Electrical and Electronic Engineering,True,0.233,30
3213,Paediatrics,3203,Clinical Psychology,True,0.167,30
3214,Pharmacology and pharmaceutical sciences,2208,Electrical and Electronic Engineering,True,0.1,30
3215,Reproductive medicine,1312,Molecular Biology,True,0.1,30
3299,Other biomedical and clinical sciences,1207,History and Philosophy of Science,True,0.2,30
3301,Architecture,1207,History and Philosophy of Science,True,0.133,30
3302,Building,1407,Organizational Behavior and Human Resource Management,True,0.167,30
3303,Design,1407,Organizational Behavior and Human Resource Management,True,0.067,30
3304,Urban and regional planning,2308,"Management, Monitoring, Policy and Law",True,0.133,30
3399,Other built environment and design,2208,Electrical and Electronic Engineering,True,0.133,30
3401,Analytical chemistry,1602,Analytical Chemistry,True,0.067,30
3402,Inorganic chemistry,1605,Organic Chemistry,True,0.367,30
3403,Macromolecular and materials chemistry,2505,Materials Chemistry,True,0.3,30
3404,Medicinal and biomolecular chemistry,1312,Molecular Biology,True,0.2,30
3405,Organic chemistry,1605,Organic Chemistry,True,0.4,30
3406,Physical chemistry,1605,Organic Chemistry,True,0.2,30
3407,Theoretical and computational chemistry,1605,Organic Chemistry,True,0.167,30
3499,Other chemical sciences,1605,Organic Chemistry,True,0.233,30
3501,"Accounting, auditing and accountability",1402,Accounting,True,0.133,30
3502,"Banking, finance and investment",1402,Accounting,True,0.2,30
3503,Business systems in context,1710,Information Systems,True,0.133,30
3504,Commercial services,1106,Food Science,True,0.1,30
3505,Human resources and industrial relations,3609,Occupational Therapy,True,0.133,30
3506,Marketing,1406,Marketing,True,0.133,30
3507,"Strategy, management and organisational behaviour",1408,Strategy and Management,True,0.333,30
3508,Tourism,2303,Ecology,True,0.067,30
3509,"Transportation, logistics and supply chains",3313,Transportation,True,0.133,30
3599,"Other commerce, management, tourism and services",2712,"Endocrinology, Diabetes and Metabolism",True,0.1,30
3601,"Art history, theory and criticism",1213,Visual Arts and Performing Arts,True,0.2,30
3602,Creative and professional writing,3304,Education,True,0.167,30
3603,Music,3304,Education,True,0.233,30
3604,Performing arts,1213,Visual Arts and Performing Arts,True,0.1,30
3605,Screen and digital media,3315,Communication,True,0.167,30
3606,Visual arts,3304,Education,True,0.133,30
3699,Other creative arts and writing,1213,Visual Arts and Performing Arts,True,0.393,28
3701,Atmospheric sciences,2306,Global and Planetary Change,True,0.1,30
3702,Climate change science,2306,Global and Planetary Change,True,0.2,30
3703,Geochemistry,1605,Organic Chemistry,True,0.3,30
3704,Geoinformatics,1702,Artificial Intelligence,True,0.167,30
3705,Geology,2205,Civil and Structural Engineering,True,0.233,30
3706,Geophysics,2211,Mechanics of Materials,True,0.133,30
3707,Hydrology,2312,Water Science and Technology,True,0.133,30
3708,Oceanography,1605,Organic Chemistry,True,0.167,30
3709,Physical geography and environmental geoscience,2308,"Management, Monitoring, Policy and Law",True,0.1,30
3799,Other earth sciences,2210,Mechanical Engineering,True,0.1,30
3801,Applied economics,2002,Economics and Econometrics,True,0.167,30
3802,Econometrics,2002,Economics and Econometrics,True,0.233,30
3803,Economic theory,2002,Economics and Econometrics,True,0.2,30
3899,Other economics,2002,Economics and Econometrics,True,0.233,30
3901,Curriculum and pedagogy,3304,Education,True,0.1,30
3902,"Education policy, sociology and philosophy",3312,Sociology and Political Science,True,0.167,30
3903,Education systems,3304,Education,True,0.633,30
3904,Specialist studies in education,3304,Education,True,0.3,30
3999,Other Education,3304,Education,True,0.233,30
4001,Aerospace engineering,2207,Control and Systems Engineering,True,0.267,30
4002,Automotive engineering,2210,Mechanical Engineering,True,0.2,30
4003,Biomedical engineering,2741,"Radiology, Nuclear Medicine and Imaging",True,0.133,30
4004,Chemical engineering,2210,Mechanical Engineering,True,0.133,30
4005,Civil engineering,2205,Civil and Structural Engineering,True,0.2,30
4006,Communications engineering,2208,Electrical and Electronic Engineering,True,0.233,30
4007,"Control engineering, mechatronics and robotics",2207,Control and Systems Engineering,True,0.267,30
4008,Electrical engineering,2208,Electrical and Electronic Engineering,True,0.333,30
4009,"Electronics, sensors and digital hardware",2208,Electrical and Electronic Engineering,True,0.3,30
4010,Engineering practice and education,3304,Education,True,0.2,30
4011,Environmental engineering,2308,"Management, Monitoring, Policy and Law",True,0.1,30
4012,Fluid mechanics and thermal engineering,2206,Computational Mechanics,True,0.267,30
4013,Geomatic engineering,2202,Aerospace Engineering,True,0.133,30
4014,Manufacturing engineering,2209,Industrial and Manufacturing Engineering,True,0.133,30
4015,Maritime engineering,2212,Ocean Engineering,True,0.133,30
4016,Materials engineering,2210,Mechanical Engineering,True,0.3,30
4017,Mechanical engineering,2207,Control and Systems Engineering,True,0.2,30
4018,Nanotechnology,2208,Electrical and Electronic Engineering,True,0.133,30
4019,Resources engineering and extractive metallurgy,2205,Civil and Structural Engineering,True,0.167,30
4099,Other engineering,2210,Mechanical Engineering,True,0.133,30
4101,Climate change impacts and adaptation,2306,Global and Planetary Change,True,0.2,30
4102,Ecological applications,2306,Global and Planetary Change,True,0.1,30
4103,Environmental biotechnology,2308,"Management, Monitoring, Policy and Law",True,0.1,30
4104,Environmental management,2308,"Management, Monitoring, Policy and Law",True,0.2,30
4105,Pollution and contamination,2312,Water Science and Technology,True,0.2,30
4106,Soil sciences,1111,Soil Science,True,0.067,30
4199,Other environmental sciences,1207,History and Philosophy of Science,True,0.133,30
4201,Allied health and rehabilitation science,3609,Occupational Therapy,True,0.167,30
4202,Epidemiology,3306,Health,True,0.067,30
4203,Health services and systems,3600,General Health Professions,True,0.167,30
4204,Midwifery,3203,Clinical Psychology,True,0.167,30
4205,Nursing,3600,General Health Professions,True,0.2,30
4206,Public health,3600,General Health Professions,True,0.233,30
4207,Sports science and exercise,2204,Biomedical Engineering,True,0.067,30
4208,"Traditional, complementary and integrative medicine",2707,Complementary and alternative medicine,True,0.1,30
4299,Other health sciences,2739,"Public Health, Environmental and Occupational Health",True,0.1,30
4301,Archaeology,1207,History and Philosophy of Science,True,0.133,30
4302,"Heritage, archive and museum studies",1204,Archeology,True,0.133,30
4303,Historical studies,3312,Sociology and Political Science,True,0.267,30
4399,"Other history, heritage and archaeology",3312,Sociology and Political Science,True,0.167,30
4401,Anthropology,3312,Sociology and Political Science,True,0.2,30
4402,Criminology,3312,Sociology and Political Science,True,0.2,30
4403,Demography,3312,Sociology and Political Science,True,0.2,30
4404,Development studies,3312,Sociology and Political Science,True,0.3,30
4405,Gender studies,3318,Gender Studies,True,0.233,30
4406,Human geography,3312,Sociology and Political Science,True,0.233,30
4407,Policy and administration,2002,Economics and Econometrics,True,0.2,30
4408,Political science,3320,Political Science and International Relations,True,0.167,30
4409,Social work,3304,Education,True,0.167,30
4410,Sociology,3312,Sociology and Political Science,True,0.2,30
4499,Other human society,3320,Political Science and International Relations,True,0.133,30
4601,Applied computing,3304,Education,True,0.3,30
4602,Artificial intelligence,1702,Artificial Intelligence,True,0.3,30
4603,Computer vision and multimedia computation,1707,Computer Vision and Pattern Recognition,True,0.333,30
4604,Cybersecurity and privacy,1710,Information Systems,True,0.267,30
4605,Data management and data science,1710,Information Systems,True,0.233,30
4606,Distributed computing and systems software,1705,Computer Networks and Communications,True,0.133,30
4607,"Graphics, augmented reality and games",2202,Aerospace Engineering,True,0.1,30
4608,Human-centred computing,3304,Education,True,0.2,30
4609,Information systems,3304,Education,True,0.233,30
4610,Library and information studies,1710,Information Systems,True,0.133,30
4611,Machine learning,1702,Artificial Intelligence,True,0.3,30
4612,Software engineering,1710,Information Systems,True,0.067,30
4613,Theory of computation,1702,Artificial Intelligence,True,0.167,30
4699,Other information and computing sciences,1207,History and Philosophy of Science,True,0.167,30
4701,Communication and media studies,3315,Communication,True,0.2,30
4702,Cultural studies,3312,Sociology and Political Science,True,0.133,30
4703,Language studies,3312,Sociology and Political Science,True,0.167,30
4704,Linguistics,1203,Language and Linguistics,True,0.333,30
4705,Literary studies,1208,Literature and Literary Theory,True,0.233,30
4799,"Other language, communication and culture",1203,Language and Linguistics,True,0.1,30
4801,Commercial law,3308,Law,True,0.167,30
4802,Environmental and resources law,2306,Global and Planetary Change,True,0.2,30
4803,International and comparative law,3320,Political Science and International Relations,True,0.333,30
4804,Law in context,3318,Gender Studies,True,0.167,30
4805,Legal systems,3308,Law,True,0.133,30
4806,Private law and civil obligations,2505,Materials Chemistry,True,0.2,30
4807,Public law,3312,Sociology and Political Science,True,0.3,30
4899,Other law and legal studies,3320,Political Science and International Relations,True,0.3,30
4901,Applied mathematics,1803,Management Science and Operations Research,True,0.1,30
4902,Mathematical physics,2610,Mathematical Physics,True,0.167,30
4903,Numerical and computational mathematics,2604,Applied Mathematics,True,0.133,30
4904,Pure mathematics,2610,Mathematical Physics,True,0.2,30
4905,Statistics,1702,Artificial Intelligence,True,0.133,30
4999,Other mathematical sciences,1207,History and Philosophy of Science,True,0.2,30
5001,Applied ethics,3312,Sociology and Political Science,True,0.167,30
5002,History and philosophy of specific fields,1207,History and Philosophy of Science,True,0.167,30
5003,Philosophy,3312,Sociology and Political Science,True,0.2,30
5004,Religious studies,3312,Sociology and Political Science,True,0.267,30
5005,Theology,1211,Philosophy,True,0.5,10
5099,Other philosophy and religious studies,3312,Sociology and Political Science,True,0.1,30
5101,Astronomical sciences,3103,Astronomy and Astrophysics,True,0.2,30
5102,"Atomic, molecular and optical physics",3107,"Atomic and Molecular Physics, and Optics",True,0.267,30
5103,Classical physics,3107,"Atomic and Molecular Physics, and Optics",True,0.1,30
5104,Condensed matter physics,2505,Materials Chemistry,True,0.1,30
5105,Medical and biological physics,2736,Pharmacology,True,0.1,30
5106,Nuclear and plasma physics,3106,Nuclear and High Energy Physics,True,0.2,30
5107,Particle and high energy physics,3106,Nuclear and High Energy Physics,True,0.1,30
5108,Quantum physics,3107,"Atomic and Molecular Physics, and Optics",True,0.2,30
5109,Space sciences,3103,Astronomy and Astrophysics,True,0.133,30
5110,Synchrotrons and accelerators,1803,Management Science and Operations Research,True,0.1,30
5199,Other physical sciences,3109,Statistical and Nonlinear Physics,True,0.067,30
5201,Applied and developmental psychology,3204,Developmental and Educational Psychology,True,0.167,30
5202,Biological psychology,3312,Sociology and Political Science,True,0.133,30
5203,Clinical and health psychology,3203,Clinical Psychology,True,0.167,30
5204,Cognitive and computational psychology,1803,Management Science and Operations Research,True,0.1,30
5205,Social and personality psychology,3318,Gender Studies,True,0.333,30
5299,Other psychology,3207,Social Psychology,True,0.158,19
